Scenario,Method,Reference
Feeling anger during a heated argument.,Practice deep diaphragmatic breathing or alternate nostril breathing (Nadi Shodhana). This calms the nervous system and reduces the intensity of anger.,Pranayama is highlighted in Patanjali's Yoga Sutras as a means to achieve mental clarity.
Feeling jealous of a colleague's success.,"Reflect on who you truly are and recognize that material achievements do not define your essence. Ask, ""Who is experiencing jealousy?"" This helps detach from the emotion.",The Upanishads teach that realizing the Self (Atman) leads to liberation from emotions.
Overwhelmed by anxiety before an important event.,"Sit in silence and focus on a mantra, such as ""Om."" Meditation stabilizes the mind and brings clarity.",The Bhagavad Gita emphasizes meditation as a tool for equanimity (Ch. 6).
Feeling heartbroken after a failed relationship.,Understand that attachment causes suffering. Focus on the impermanence of situations and cultivate inner contentment.,The Yoga Sutras describe vairagya as a key to controlling the fluctuations of the mind.
Frustration at work when efforts are unrecognized.,Perform duties sincerely without expecting rewards. This helps redirect focus from results to the process.,The Bhagavad Gita (Ch. 2) advises acting selflessly as a means to peace.
Feeling fear in a challenging situation.,"Chant a protective mantra, like ""Om Namah Shivaya"" or ""Gayatri Mantra"". Chanting harmonizes the mind and invokes a sense of safety.",Japa is recommended in the Bhagavad Gita (Ch. 10) for mental discipline.
Dissatisfaction due to unmet expectations.,Reflect on the blessings you already have. This practice fosters contentment.,"In the Yoga Sutras, Santosha is one of the Niyamas (moral observances)."
Guilt after making a wrong choice.,"Align actions with Dharma (righteousness) to avoid guilt. If guilt arises, seek forgiveness and resolve to act ethically.",The Mahabharata and Bhagavad Gita emphasize following Dharma for inner peace.
Feeling hopeless after repeated failures.,"Surround yourself with wise, uplifting individuals or spiritual texts. This encourages resilience and optimism.",Ancient texts stress the power of satsang in transforming negativity.
Chronic stress and irritability.,"Follow an Ayurvedic routine (Dinacharya) with proper diet, herbs, and sleep. Stress often stems from an imbalance of doshas, which Ayurveda addresses.","Ayurveda describes maintaining a balance of Vata, Pitta, and Kapha for emotional well-being."
Harboring resentment after being wronged.,Reflect on the impermanence of life and consciously let go of grudges. Forgiveness benefits the forgiver more than the forgiven.,The Mahabharata extols Kshama as a virtue that brings inner peace.
Feeling helpless in uncontrollable circumstances.,"Offer your burdens to a higher power, trusting the divine plan. This practice eases the mind.",Patanjali’s Yoga Sutras list Ishwarapranidhana as a path to liberation.
Experiencing extreme highs or lows from success or failure.,"Maintain a balanced attitude, seeing life’s dualities (pleasure/pain, gain/loss) as natural.",The Bhagavad Gita (Ch. 2) advises samatvam for mental steadiness.
Grief over losing a loved one.,"Meditate on the transient nature of life, as described in the Upanishads. Recognize that everything material is temporary, leading to detachment.",The Brihadaranyaka Upanishad discusses the cycle of birth and death.
Feeling purposeless or depressed.,"Engage in acts of selfless service, like helping the needy. Focusing on others’ well-being reduces personal suffering.",The Bhagavad Gita emphasizes Seva as a path to liberation (Ch. 12).
Confusion or despair from ignorance.,Study spiritual texts to gain wisdom and clarity about life’s purpose. Knowledge dispels emotional turmoil.,The Bhagavad Gita’s Jnana Yoga (Ch. 4) promotes wisdom for overcoming sorrow.
Anger manifesting as harsh words during an argument.,"Practice conscious speech, pausing before responding. Use silence as a tool for emotional control.",The Manusmriti advises purity of speech as a key virtue.
Fear of failure in a new endeavor.,Visualize yourself succeeding with confidence and calmness. Positive mental imagery creates emotional stability.,Yogic practices often include Bhavana to channel positive energy.
Overwhelmed by sadness or despair.,"Listen to or chant soothing sounds, such as Om or Vedic chants. Vibrations from sound harmonize the mind and uplift the spirit.",Ancient texts like the Samaveda explore the transformative power of sound.
Irritability from physical or mental imbalance.,"Balance the five elements (earth, water, fire, air, space) through yoga, diet, and rituals. For example, walking barefoot on grass balances earth energy.",The Taittiriya Upanishad explains how elemental harmony leads to emotional balance.
Feeling hatred or bitterness toward someone.,Cultivate empathy by imagining the challenges faced by the other person. Extend loving-kindness to them through prayers or affirmations.,The Yoga Sutras (1.33) recommend cultivating karuna to purify the mind.
Persistent irritability or mood swings.,"Follow a sattvic diet (pure, wholesome food like fruits, grains, and milk) to influence the mind positively. Avoid tamasic (heavy, stale) and rajasic (spicy, overstimulating) foods.",The Bhagavad Gita (Ch. 17) describes the influence of diet on mental states.
Restlessness or unease due to stress.,Practice yoga poses like Child’s Pose (Balasana) or Corpse Pose (Savasana) to relax the body and calm the mind. Physical balance reflects mental balance.,Patanjali’s Yoga Sutras highlight asana as a step toward mental steadiness.
Feeling morally conflicted or unsure of what is right.,Read or listen to stories from texts like the Ramayana or Mahabharata that demonstrate moral clarity and inspire righteous action.,These epics teach through role models how to overcome emotional and ethical dilemmas.
Feeling stuck or unable to move past trauma.,Engage in purificatory rituals like Agnihotra (fire ceremony) or offering water to ancestors (Tarpana). Rituals provide symbolic closure and mental clarity.,The Vedas prescribe samskaras to realign the individual with cosmic order.
Overthinking and mental exhaustion.,Practice intentional silence for a specific period daily. Silence allows the mind to rest and reduces emotional reactivity.,Ancient sages practiced mauna as a means of conserving mental energy.
Losing motivation or hope in the face of setbacks.,"Create a positive affirmation (Sankalpa) like, “I am strong and will overcome this.” Repeat it daily with faith and conviction.","The Yoga Sutras mention that mental focus, combined with resolve, builds inner strength."
Reacting aggressively to provocation.,"Cultivate non-violence in thought, word, and deed by practicing patience and understanding. Non-violence reduces hostility and fosters inner peace.",Ahimsa is the foremost yama (ethical discipline) in Patanjali’s Yoga Sutras.
Feeling lethargic or emotionally burdened.,"Perform a spiritual fast to detoxify the body and mind. Fasting lightens the body, improves clarity, and enhances emotional resilience.",The Bhagavad Gita (Ch. 6) mentions fasting as a way to discipline the senses and mind.
Feeling insignificant or unworthy.,"Reflect on the great truth, “Tat Tvam Asi” (You are divine). Realize that your true nature is beyond temporary emotions and limitations.",The Chandogya Upanishad teaches this to inspire self-realization.
Feeling lost or disconnected from purpose.,Visit a sacred place or temple to reconnect with spiritual energy and gain a broader perspective on life. Pilgrimages often provide clarity and renewed focus.,The Mahabharata highlights the purifying effects of Tirtha Yatra on the mind and soul.
Doubting your role or responsibilities in life.,"Reflect on your svadharma (personal duty) and perform it with dedication, without comparing it to others' paths. Aligning actions with dharma brings peace.",The Bhagavad Gita (Ch. 3) stresses performing one’s dharma for emotional stability.
Feeling envy toward others' achievements.,"Focus on what you have, rather than what you lack. Daily gratitude journaling helps reinforce contentment.",Santosha is a key Niyama in Patanjali’s Yoga Sutras for cultivating inner joy.
Frustration from unexpressed emotions.,"Channel emotions into art, music, or writing. Creative activities serve as a form of meditation and emotional release.",The Natya Shastra highlights the therapeutic value of the arts in emotional regulation.
Feeling unbalanced or overwhelmed.,"Align your daily routine with nature’s rhythms, such as waking up with sunrise and sleeping early. Seasonal adjustments in lifestyle and diet also bring harmony.",Ayurveda emphasizes Ritu Charya to maintain physical and emotional balance.
Overwhelmed by modern-day stressors.,"Spend time in natural surroundings like forests, rivers, or mountains. Nature has a calming effect on the mind and fosters a connection with the universal.",The Rigveda often praises nature as a source of solace and strength.
Disappointment over unmet expectations.,"Cultivate an attitude of prasada buddhi, seeing all outcomes as gifts from the Divine. Acceptance reduces resistance and calms the mind.",The Bhagavad Gita (Ch. 2) advocates acceptance as a way to transcend suffering.
Persistent sadness or grief.,"Listen to Vedic chants, hymns, or instrumental music like the veena or flute. Healing sounds elevate emotions and soothe the mind.",The Samaveda extols sound as a tool for emotional and spiritual healing.
Reacting impulsively to emotions like anger or fear.,"Train the mind to observe emotions as a detached witness, rather than identifying with them. This practice creates space between the emotion and your reaction.",The Yoga Vasistha teaches Sakshi Bhava for cultivating detachment from mental disturbances.
Feeling empty or unloved.,"Engage in devotional practices like singing hymns, praying, or reading stories of divine love. Devotion fills the heart with love and replaces negative emotions.",The Bhagavad Gita (Ch. 12) describes Bhakti Yoga as a path to emotional fulfillment.
Feeling selfishness or guilt over material possessions.,"Donate resources, time, or skills to those in need without expecting anything in return. Charity purifies the mind and reduces attachment.",The Vedas and Upanishads extol Dana as a means to attain emotional liberation.
Overindulging in habits that lead to guilt or regret.,"Exercise control over the senses, such as limiting overeating or excessive screen time. Discipline fosters inner peace.",The Bhagavad Gita (Ch. 6) highlights Dama as essential for a serene mind.
Feeling scattered or mentally disorganized.,"Meditate while focusing on a yantra or mandala, geometric patterns designed to focus the mind. This practice aligns mental energies and brings clarity.",Ancient Tantric texts describe yantra meditation for mental balance.
Struggling with recurring emotional patterns.,"Reflect on your thoughts, words, and actions at the end of each day. Journaling helps identify triggers and track progress.",Swadhyaya (self-study) is a key Niyama in the Yoga Sutras.
Feeling powerless in the face of difficulties.,"Perform a structured prayer or offering to a deity (e.g., lighting a lamp or chanting a specific mantra). Rituals create a sacred space for emotional grounding.",The Agamas detail Archana as a transformative devotional practice.
Low energy and mental fatigue.,Perform Surya Namaskara (Sun Salutations) daily to rejuvenate body and mind. The sequence harmonizes prana (life force) and energizes the mind.,Ancient texts like the Yajurveda describe sun worship for vitality.
Overwhelm from constant interaction or external pressures.,"Spend time in solitude, focusing on inner thoughts and reconnecting with your essence. Solitude promotes introspection and emotional reset.","Sages often retreated to forests or caves for rejuvenation, as described in the Ramayana and Mahabharata."
Overwhelming fear or insecurity.,"Chant bija mantras (seed sounds) like “Om,” “Hreem,” or “Shreem” to activate subtle energies. These vibrations calm the mind and reduce fear.",The Tantras elaborate on bija mantras as tools for emotional empowerment.
Emotional depletion due to excessive indulgence in sensory pleasures.,Practice moderation in desires and focus energy on creative or spiritual pursuits. Conservation of energy fosters emotional stability.,Patanjali’s Yoga Sutras list Brahmacharya as a discipline for mental control.
Feeling isolated or disconnected.,Reflect on the non-dualistic idea that all beings and events are part of one universal reality. This reduces feelings of separateness and fosters oneness.,The Advaita Vedanta philosophy teaches oneness (Brahman) as the ultimate truth.
Experiencing panic or anxiety.,"Focus on your breath, observing each inhale and exhale without altering it. This anchors the mind to the present moment and reduces emotional turbulence.",Prana Dharana is a key mindfulness technique in yogic and tantric traditions.
Frustration leading to harsh words.,"Speak calmly and sweetly, even in challenging situations. Gentle speech soothes not only the listener but also the speaker’s emotions.",The Manusmriti encourages measured and kind speech as a tool for emotional control.
Overwhelmed by sorrow or loneliness.,Sing devotional songs in a group or individually to uplift the spirit and feel connected to the divine.,"Bhakti movements, such as those inspired by Mirabai and Kabir, emphasize the transformative power of bhajans."
Feeling trapped by selfish desires or ambitions.,"Perform actions without attachment to their outcomes, dedicating efforts to the greater good. This reduces emotional suffering caused by unfulfilled expectations.",The Bhagavad Gita (Ch. 3) extensively discusses Nishkama Karma as a means to mental peace.
Feeling indecisive or lacking motivation.,"Focus on building small, consistent habits that strengthen your determination. Visualize your inner willpower as a growing flame.",Ancient Tantric texts discuss Iccha Shakti as a key to overcoming inertia.
Experiencing darkness or despair in life.,Visualize a bright flame or the rising sun in your mind’s eye. This symbolizes hope and dispels emotional heaviness.,Vedic rituals and meditations often involve light as a purifier of negative emotions.
Deep emotional attachment leading to distress.,Reflect on the impermanence of relationships and situations to cultivate non-attachment. Detachment doesn’t mean indifference but understanding the transient nature of life.,Patanjali’s Yoga Sutras (1.12) highlight Vairagya as essential for inner peace.
Feeling burdened by familial or ancestral issues.,"Perform offerings to ancestors through rituals like Tarpana, seeking their blessings and releasing generational burdens. This practice provides emotional closure and spiritual alignment.",Vedic traditions emphasize honoring ancestors for emotional and karmic harmony.
Confusion or lack of clarity in a challenging situation.,Approach a spiritual teacher or mentor for guidance based on scriptural wisdom. Listening to enlightened teachings provides clarity and emotional balance.,The Upanishads repeatedly highlight the importance of a Guru in overcoming emotional turmoil.
Feeling helpless in the face of adversity.,"Cultivate Shraddha (faith) in the divine plan, trusting that everything unfolds for the highest good. Faith reduces resistance to life’s challenges.",The Bhagavad Gita emphasizes Shraddha as a foundation for emotional resilience.
Feeling unappreciative or discontented.,"Reflect on the blessings in your life through journaling or verbal acknowledgment. Express gratitude to people, nature, and the divine.",The Vedas emphasize Kritajnata as an antidote to ingratitude and a path to mental peace.
Negative or repetitive thought patterns causing distress.,Regularly examine and discard unhelpful thoughts by meditating or journaling. Replace them with affirmations or inspiring verses.,The Yoga Vasistha advises Chitta Shuddhi for clearing mental clutter.
Experiencing purposelessness or lack of fulfillment.,"Engage in selfless service, such as helping the underprivileged or working for a community cause. Service connects you with a higher purpose and reduces self-centered emotions.",The Bhagavad Gita (Ch. 3) highlights Seva as a path to inner joy.
Overwhelmed by material loss or worldly challenges.,Contemplate the idea that the material world is transient and illusory. Focus instead on the eternal and unchanging self (Atman).,The Advaita Vedanta philosophy describes Maya as a veil to transcend for true peace.
Feeling impure or burdened by guilt.,"Take a ritual bath in a sacred river or at home, visualizing the water cleansing your mind and body of negativity. This practice refreshes and purifies the spirit.",The Vedas and Puranas describe Snana as a purifying practice.
Feeling disconnected from yourself or nature.,"Spend time interacting with the elements: meditate with fire (Agni), walk on earth (Prithvi), breathe fresh air (Vayu), bathe in water (Jala), or gaze at the sky (Akasha). Balancing these elements restores harmony.",The Upanishads detail the importance of aligning with the five elements.
Fear of change or attachment to material life.,Reflect on the inevitability of death to foster detachment and gratitude for the present. This practice helps transcend fear and cultivates inner strength.,The Katha Upanishad uses death as a teacher to illuminate the nature of life.
Guilt or confusion about ethical dilemmas.,"Adhere to your dharma (moral and ethical duty), ensuring your actions align with universal principles. This practice dispels regret and creates inner harmony.",The Mahabharata emphasizes the centrality of dharma in emotional and spiritual well-being.
Overthinking the past or worrying about the future.,Focus entirely on the present moment through mindfulness practices like observing your surroundings or sensations. This breaks the cycle of regret and anxiety.,"Buddhist texts, influenced by Indian traditions, stress Pratyutpanna Smriti as a cornerstone of emotional stability."
Feeling disconnected from spiritual guidance.,"Meditate on your chosen deity (Ishta Devata), visualizing their form and qualities. This strengthens faith and provides emotional solace.",Bhakti texts and the Puranas emphasize devotion to an Ishta Devata for overcoming inner turmoil.
Anger or irritation leading to impulsive words.,Observe a vow of silence for a specific duration (hours or days). Silence calms the mind and reduces reactive tendencies.,The Mahabharata mentions Mauna as a practice for self-discipline and emotional control.
Overwhelming guilt or karmic burdens.,Perform a fire ritual with offerings to symbolize burning away negativity. The act of surrendering attachments to the fire aids in emotional purification.,The Rigveda describes Yajna as a transformative process to harmonize the self and the cosmos.
Feeling low self-esteem or fear.,Chant positive verses or hymns like the Aditya Hridayam or Shiva Tandava Stotram to invoke strength and positivity. This practice reinforces confidence and courage.,Stotras are widely used in devotional practices described in the Puranas.
Feeling insignificant or overwhelmed by life.,"Meditate on the cosmic form (Virat Swarupa), visualizing yourself as part of the universal whole. This broad perspective reduces self-centered distress.",The Bhagavad Gita (Ch. 11) describes Lord Krishna’s universal form to Arjuna for inspiration.
Experiencing anxiety or lack of focus.,Use hand gestures like Gyan Mudra (for clarity) or Apana Mudra (for emotional release). Mudras channel energy flow and stabilize emotions.,Tantra and Hatha Yoga texts detail mudras for emotional and energetic balance.
Pain from emotional wounds or heartbreak.,"Focus on the heart center, imagining it as a lotus opening with each breath. This practice heals emotional blockages and fosters love and compassion.",Yogic texts like the Hatha Yoga Pradipika describe chakra meditation for emotional healing.
Emotional instability caused by physical imbalance.,"Adopt a sattvic (pure) diet consisting of fresh, wholesome, and plant-based foods to support emotional calmness. Avoid tamasic (stale or heavy) and rajasic (spicy or overstimulating) foods.",Ayurveda and the Bhagavad Gita (Ch. 17) emphasize Ahara Shuddhi for emotional balance.
Struggling with lack of discipline or commitment.,"Take a vow (e.g., fasting on Ekadashi) as a way to focus and cultivate mental strength. Regular adherence builds resilience and reduces impulsivity.",Vratas are extensively discussed in the Dharma Shastras.
Persistent sadness or hopelessness.,"Chant the names of the divine (e.g., Hare Rama Hare Krishna) repeatedly to fill the mind with positivity. This practice creates vibrations that uplift the spirit.",Bhakti traditions emphasize Nama Japa for emotional and spiritual elevation.
Restlessness or agitation.,"Practice calming poses like Child’s Pose (Balasana), Mountain Pose (Tadasana), or Corpse Pose (Shavasana). Gentle yoga harmonizes the body-mind connection and reduces stress.",The Hatha Yoga Pradipika describes asanas as tools for mental and emotional steadiness.
Experiencing confusion or mental clutter.,"Focus on inner sounds (Nada) during meditation, such as the sound of your breath or a ringing tone in your ears. This practice harmonizes mental vibrations and brings clarity.",The Nada Bindu Upanishad highlights Nada Yoga as a path to mental purification.
Feeling trapped or claustrophobic in life situations.,Visualize infinite space during meditation to expand your perception and create a sense of freedom. This practice reduces the feeling of constraint.,Akasha Dharana is a central technique in Tantric meditation.
Repeating emotional reactions to similar triggers.,Meditate on your Samskaras (mental impressions) to identify the roots of recurring emotions. Awareness reduces the power of these tendencies.,The Yoga Sutras discuss the importance of reducing Samskaras for emotional liberation.
Loneliness or lack of spiritual support.,"Participate in gatherings with like-minded individuals to share prayers, songs, and discussions. Satsang elevates collective consciousness and fosters connection.",Bhakti traditions emphasize Satsang as a tool for emotional upliftment.
Feeling directionless or morally conflicted.,"Read epics like the Mahabharata or Ramayana, focusing on how characters navigate challenges with wisdom and virtue. These stories provide moral clarity and emotional guidance.",The Puranas are rich in parables for personal growth.
Emotional instability linked to natural cycles.,"Meditate on the moon (Chandra) during full or new moon phases, which influence emotional tides. This practice stabilizes emotions and aligns you with natural rhythms.",Vedic texts and Ayurveda highlight the moon’s impact on emotional states.
Feeling powerless or vulnerable.,Worship or meditate on feminine divine energies (Shakti) such as Durga or Kali. This invokes inner strength and courage.,The Devi Mahatmya describes Shakti as the source of empowerment.
Struggling with arrogance or ego.,"Bow or perform gestures of respect to elders, teachers, or deities. This act fosters humility and reduces emotional tension tied to ego.",Vedic and Bhakti traditions emphasize Pranama as an act of surrender.
Feeling scattered or unfocused.,"Focus on a mandala during meditation, tracing its patterns mentally. This harmonizes thought processes and induces calmness.",Tantric texts describe mandalas as tools for concentration and emotional alignment.
Stress from urban or fast-paced environments.,"Spend time in forests, mountains, or near rivers to reconnect with nature. Nature’s tranquility calms the mind and soothes emotions.","Ancient Indian sages often retreated to forests for self-discovery, as seen in the Upanishads."
Feeling lost or lacking purpose.,"Reflect on your personal duty (Swadharma) in life, aligning your actions with your deeper calling. This brings clarity and emotional stability.",The Bhagavad Gita (Ch. 2) stresses the importance of following one’s own Dharma for inner fulfillment.
Experiencing existential doubt or fear of death.,"Reflect on the concept of Anadi Parabrahman—the eternal, unchanging reality beyond time and space. Contemplate the eternal nature of the soul (Atman), which is untouched by the cycles of life and death.",The Upanishads focus on the eternal nature of the soul as a means to transcend fear and uncertainty.
Feeling helpless or overwhelmed by life’s challenges.,Surrender your worries to a higher power through prayer or mantra chanting. Let go of control and trust in divine guidance.,"Saranagati, or complete surrender, is discussed in the Bhagavad Gita as a way to find peace in difficult times."
Feeling depressed or mentally cloudy.,"Visualize yourself surrounded by bright, radiant light. Imagine this light filling you with energy, clarity, and positivity, pushing away negativity.",Tantric practices often use the visualization of light as a method for mental and emotional purification.
Grief or sadness due to loss.,"Contemplate the transient nature of all things—nothing, whether good or bad, is permanent. This helps alleviate attachment and cultivate a sense of peace in the face of change.","The Buddha’s teachings, which are deeply rooted in Indian philosophy, emphasize Anitya (impermanence) as a path to overcoming suffering."
Feelings of monotony or lack of inspiration.,"Take time to observe the beauty of nature, human creativity, or the divine. Approach life with childlike awe and curiosity, fostering a sense of wonder.","The Upanishads and other texts encourage Vismaya, or awe, as a way to uplift the spirit."
"Experiencing fear, anxiety, or insecurity.","Meditate on the nature of your true self (Atman), which is beyond physical, mental, or emotional fluctuations. This awareness brings peace and removes fear and doubt.",The Upanishads teach that recognizing Atman helps transcend transient emotions.
Feeling burdened by responsibilities or taking life too seriously.,"Engage in activities that feel playful and spontaneous, whether through music, dance, or nature walks. Recognize the playful nature of the universe, known as Lila in Indian philosophy.","The Bhagavad Gita and various Puranas describe the universe as divine play (Lila), encouraging a lighter approach to life."
"Struggling with discomfort, hardships, or pain.","Cultivate Titiksha, or forbearance, by accepting hardships as part of the journey. Recognize that challenges can be opportunities for growth and understanding.",Yoga Sutras (2.45) highlight Titiksha as a practice for enduring difficulties with grace.
Conflict arising from inner contradictions or opposing desires.,"Reflect on the Dvandvas (pairs of opposites) such as pleasure/pain, success/failure, etc., acknowledging their impermanence and interconnectedness. This helps in accepting life's dualities without being disturbed by them.",The Bhagavad Gita (Ch. 2) teaches that one who transcends the dualities of life is unaffected by them.
Struggling with overindulgence or lack of control.,"Practice Brahmacharya, which involves moderation and control over sensory indulgences. This cultivates inner strength and emotional balance.",The Yoga Sutras (2.38) outline Brahmacharya as a key principle for cultivating peace of mind.
Feeling directionless or lacking motivation.,"Set clear and positive intentions (Sankalpa) for your life or your practice, and offer them in prayer. Intentions create purpose and align your emotional energy toward your goals.",Sankalpa is discussed in both the Upanishads and Tantric texts as a way to direct the mind and spirit.
"Stress, emotional highs, or lows.","Practice Upeksha, or equanimity, by remaining neutral in both praise and criticism, success and failure. This mental balance prevents emotional extremes.",Yoga Sutras (1.33) emphasize Upeksha as a means of cultivating mental peace.
Emotional disturbance or mental restlessness.,"Meditate on the sacred sounds of the universe, such as Om or other mantras. The vibration of sound connects you to the universal energy, bringing calmness.","The concept of Nada Brahman (the sound of the universe) is explored in the Upanishads and Tantra, teaching that sound has the power to restore balance."